91,1580440.8,47946.209
90,1579613.6,46704.428
82,1448671.8,32269.254
84,1440989.9,35085.896
83,1448361.8,32848.754
87,1464868,38019.753
82,1457967.8,30909.621
85,1450598.8,36396.336
90,1461957.4,41781.383
95,1445361.2,43417.692
96,1447158.2,41761.342
76,1437543.2,39283.522
77,1446878.5,41108.506
78,1421065.1,46751.312
80,1436777.4,44895.31
83,1443687,60446.986
81,1459677.8,53282.983
82,1456242.2,56942.076
78,1347828.1,26216.426
76,1343287.2,23729.552
79,1330778.9,27489.53
81,1357719.8,26059.648
77,1346624,24738.648
82,1391704.1,39760.16
84,1403045.4,42065.636
86,1418323.5,38392.488
78,1411820.2,33333.806
79,1415689.2,35158.256
79,1410335.8,34718.518
80,1412019.1,35694.475
78,1411645,33241.785
70,1788030,39091.045
71,1795680,40958.131
70,1788894.8,38381.736
72,1785582.9,42906.801
77,1811748.6,70058.516
71,1802276,41793.918
73,1401546.9,61038.37
77,1406967.5,89198.488
75,1415085.6,70475.276
73,1404815.2,62239.24
74,1413588.5,62135.965
73,1390186.5,60073.947
78,1405834.8,105672.535
74,1369867,50553.356
75,1411804.8,33999.109
76,1415425.8,32620.514
75,1422780.1,32753.027
75,1415689.2,32938.499
77,1405127,38485.422
78,1483732.5,19648.491
79,1480359.1,21797.976
77,1477588.2,22582.015
68,1581113.5,24799.085
70,1567550.4,26853.087
67,1447928.5,14394.243
65,1453062.5,13566.954
68,1747133.5,43423.928
66,1754019.8,39781.09
71,1468150.2,11866.639
68,1469217.4,11334.444
70,1464735.4,26587.898
66,1561765.8,33486.747
86,1535184.2,35598.579
64,1680523.2,19208.735
95,1358752.2,41115.24
94,1354997.6,45018.565
90,1361207.8,26171.565
92,1354188.4,29603.767
91,1346682.2,27397.581
73,1218112.9,22641.959
75,1202288.4,25901.672
81,1627480.4,38422.191
80,1634073.2,36633.098
90,1619785,47813.692
88,1610848.2,48907.837
80,1648420.8,34396.979
79,1603618.1,36133.91
73,1276338.8,29074.741
82,1281401.4,43609.258
78,1290227.1,37322.13
73,1283348.5,27835.875
73,1274827,27422.09
80,1267862.1,39264.101
75,1288910.1,28529.998
74,1282989.2,26689.754
74,1597515,14540.112
81,1589181.1,21876.913
73,1614681.5,14093.54
77,1594546.5,16159.062
73,1588833.5,13964.856
75,1589157.6,14089.116
74,1608672.5,14334.348
69,1535648.5,17472.837
76,1530367.2,20480.361
71,1556590.6,16476.274
70,1538095.5,15559.496
78,1529397.1,25165.799
70,1540374.8,15226.364
68,1461703.2,28616.967
66,1473212.2,28372.781
67,1453011.5,29111.467
67,1473855.2,29756.366
75,1388602.2,25197.375
68,1384519.1,21869.361
68,1399215.2,21287.892
69,1404796.5,21974.532
73,1384296.9,23412.089
77,1386811,25144.343
66,1365390.8,16075.104
62,1575535.4,31518.34
69,1404159.2,25940.159
69,1423689.6,27670.255
69,1408581.2,26315.738
79,1401514.9,27237.461
70,1418156.9,26611.599
69,1315939.2,17082.876
67,1340054.1,12509.306
60,1337172.5,8974.108
61,1363802.4,11116.445
60,1346885.2,10623.777
60,1324683,10879.128
71,1856072.6,124531.098
67,1848004.5,110805.238
69,1853477.2,119151.238
63,1379149.9,17941.933
67,1374705,19700.785
65,1383185.2,16939.372
65,1532715.2,7986.178
71,1339723.5,27425.878
66,1332760.6,27700.468
62,1577226.8,26748.98
71,1645663.5,64794.553
76,1638374.1,73881.322
73,1553437.8,29881.612
69,1554254.2,27417.504
70,1559182.5,25836.026
81,1446946.8,37780.841
76,1451037,36099.795
77,1436134.2,34850.983
61,1280608.9,5256.875
86,1460265.9,16849.348
63,1266869.5,9301.56
60,1447353,28571.479
65,1645927.8,31443.845
65,1275088.8,10077.207
59,1547760.8,9280.032
95,1489218.9,47559.554
91,1519857.2,40523.985
93,1499249.2,45118.435
92,1506518.5,45075.823
90,1508398,42131.781
82,1513380.8,33306.566
77,1513565.5,29180.63
78,1503171.2,27584.588
81,1516865.6,32144.077
76,1506832.6,27959.689
79,1499941.5,29993.601
85,1538496.8,53558.075
89,1556841.5,55265.543
90,1553765.2,57676.1
88,1540816.4,55113.886
86,1543640.2,53226.889
87,1538393.2,53865.203
89,1541690.2,55756.988
78,1762421,108695.756
62,1455692.2,10233.875
67,1447789.1,11490.68
82,1617378.8,51375.548
80,1608591,50360.68
76,1591734.2,43270.841
84,1595884,56026.037
80,1614589.2,49528.879
77,1588682.1,44587.066
79,1456106.4,23360.474
85,1449755.2,33634.309
78,1449691,21506.196
83,1442177.5,29594.703
77,1450303.4,20714.09
81,1450664.2,27220.759
84,1450748.5,28138.707
75,1565151.8,23171.157
75,1576367,21025.295
78,1559347.2,23716.385
76,1573246.5,22064.465
74,1577915.6,21560.25
74,1573006.8,20952.003
76,1267618.2,12133.654
74,1268876,15256.727
75,1274550.5,12871.032
80,1269264.4,14201.332
78,1249215,14517.646
74,1277948.4,13181.776
74,1283075,12593.306
68,1671274.4,32606.03
68,1662932.5,33868.795
67,1679875.2,34443.577
67,1672730.8,36510.799
73,1660576.8,31392.074
74,1645638,33461.167
80,1639835.8,41644.359
77,1655491.8,37423.643
74,1655745.8,32699.324
74,1656454,31118.96
75,1662627.9,33754.314
81,1655143.1,44379.816
74,1526183.4,24917.935
73,1542238.8,22877.891
76,1522853.8,24884.981
72,1541413,20346.145
72,1369892.8,21903.533
74,1365073.4,21521.835
71,1375189.5,20973.897
71,1496346.9,28240.435
72,1479212,27763.819
69,1426228,40943.643
71,1663070.9,37723.719
67,1682374.9,28637.631
80,1726002.8,55484.594
79,1734055.5,52363.258
78,1732863.8,49148.745
81,1389073.5,23048.473
84,1386668.5,27508.441
80,1399146.8,24149.99
83,1395759.6,24712.708
86,1380927,30085.367
79,1405252,23420.326
75,1777713.6,64085.301
69,1772848.2,46985.885
70,1782240,49833.445
74,1785302.8,55597.461
76,1774286,63025.482
72,1762934,51026.139
78,1419955.6,33742.371
76,1410203.8,35222.797
77,1390310.9,34238.197
77,1378366.2,38144.216
82,1430905.6,42373.477
80,1406163.2,38042.826
84,1426147.8,43653.135
83,1422789,42015.293
76,1418922.2,32160.533
79,1639312.2,29076.241
73,1634756.9,24886.136
78,1644616.8,29685.833
74,1630895.8,25329.048
73,1635941.2,23879.548
77,1634098.8,28580.056
80,1636306,30610.635
73,1657835.2,25190.276
72,1598355.5,33616.992
75,1583187.5,39767.451
73,1592126.5,35752.229
71,1625709.5,30295.701
72,1604773.8,30638.611
83,1492208,51522.486
81,1494788.1,48287.778
79,1481652.2,43666.25
77,1502906.8,44231.007
78,1482173.5,42551.37
77,1519524,43179.158
85,1498353.5,54510.584
78,1486849.1,44089.203
84,1499438,50482.132
68,1543329.8,20242.644
69,1549303.2,19469.324
78,1344809.8,32959.352
75,1353613.9,26267.359
76,1337864.9,30584.094
70,1350677.2,9253.788
67,1340641,9644.586
66,1732801.8,22164.245
69,1744087.5,23320.337
70,1664549.9,32997.105
68,1643557.6,30841.786
92,1496287.5,41113.568
90,1482629,37313.171
66,1604245.9,47734.928
83,1560440.6,116367.036
78,1559875,101901.547
77,1560227.1,95377.929
79,1552593.2,104885.65
87,1565664.4,122405.157
82,1569898.4,107777.692
86,1573716,121312.828
84,1560553.5,114258.007
80,1596302.5,38687.959
79,1573436.2,36211.759
82,1595675.8,46751.145
81,1584452.2,37595.177
73,1410906.8,53931.223
72,1427456.5,52227.991
73,1413137.9,50886.874
72,1435812.2,48389.897
71,1578942.6,50126.172
69,1575485.5,40515.12
67,1581123.8,35919.686
68,1574014,36988.154
67,1581429,37054.024
67,1563332,37275.178
72,1573663.6,51996.666
69,1248942.8,9690.825
70,1242028.1,9612.961
76,1234423.6,15303.867
78,1241727.8,16844.959
69,1238984.8,11180.234
69,1250394.5,8630.119
71,1244488.2,11525.536
68,1594757.4,49053.128
71,1278180.6,16661.434
71,1463595.1,22251.493
75,1585913.2,29877.199
78,1568401,36427.886
79,1573956.2,33651.906
83,1590057.8,39267.6
77,1574573.9,34201.026
80,1516949.6,25240.767
81,1519505.1,24914.025
79,1504838,23047.255
70,1522422,26531.224
70,1519740.2,28375.63
74,1515955.2,34384.348
71,1515670.2,27731.642
72,1529074.8,29168.741
71,1517727.8,29787.357
74,1421551.9,12655.728
75,1420477.2,13794.247
75,1401152.4,15654.109
76,1423466.6,14624.912
61,1392140.5,35654.971
83,1370698.5,22128.32
80,1363720.2,21089.715
85,1381379.6,25190.542
81,1367244.8,21593.937
79,1385218.5,20968.95
78,1458378,33149.21
79,1474946,29029.695
80,1475675,31934.226
73,1534785.6,31279.474
75,1530823.9,33290.326
74,1534040.8,31308.016
77,1531317.9,33970.179
74,1543393.8,29736.331
75,1531354,31885.011
71,1380612.1,52463.118
71,1380047.6,54025.383
71,1397851.8,53167.332
75,1381504,65027.104
72,1386806.8,55211.728
73,1400726.4,55731.177
77,1410271.2,69312.897
82,1442431.6,34156.944
82,1447265.9,35112.946
86,1426040.1,45016.053
83,1429312,37170.464
82,1439197.6,35812.138
84,1438457.2,37823.197
86,1409099.8,65992.224
83,1416700,56034.803
83,1420439.5,53925.729
83,1418889,54423.644
84,1394226.8,59744.049
82,1419765.8,51769.617
82,1486803.5,79849.22
76,1473716.5,57559.983
77,1465799,61957.476
75,1469460.5,54891.395
75,1485871.8,54648.97
81,1477400.1,76665.558
85,1467253,89562.953
83,1492077.9,82385.883
76,1462525.2,56740.783
79,1451580.8,67809.918
82,1511090,19251.046
81,1527568.2,17913.749
67,1461090.4,16362.409
68,1740824.2,13654.632
67,1759430.8,14342.661
63,1414300,10487.962
65,1335757.2,24451.04
62,1413281.9,15428.776
57,1338509.2,15922.733
74,1569966.1,45614.107
74,1565144.8,44130.201
75,1552059.6,45486.076
76,1548164.9,47449.164
74,1558189.5,42119.681
68,1561537.5,17566.071
71,1556420.5,20219.537
67,1551982.8,20473.904
67,1557653.6,18643.547
69,1552692.5,22279.819
68,1552079.2,19493.813
58,1289537.2,14851.964
72,1474144.8,42830.547
65,1462338.8,26712.117
66,1455485.8,32189.11
66,1461230.2,29943.837
69,1439827.1,34185.665
71,1473470.8,39634.184
73,1454898.5,44090.615
67,1460526.5,32238.834
65,1456385.1,29130.677
86,1441850,43828.208
85,1438496.1,38893.092
86,1421313.8,39641.879
85,1432687.1,36663.082
87,1431339.2,43719.685
72,1333563.9,17917.497
70,1338207.1,17876.864
79,1326444.6,24093.604
71,1335450.5,18425.639
76,1332583.9,20507.262
70,1329547.8,18060.641
70,1358071,16556.742
87,1694331.2,100926.175
85,1705185.5,87668.012
85,1699071,85448.039
85,1684176.8,89163.812
86,1710063.2,92769.188
83,1374677.4,42507.275
63,1326848.2,17440.502
58,1436796.5,26528.877
81,1557922.8,53138.098
85,1539132.5,25723.64
83,1531734,23759.954
79,1560394.5,18805.008
80,1553957.8,21713.265
79,1397098.8,40011.552
79,1381105.9,43197.976
79,1380985.8,42489.551
80,1392405.8,41817.342
71,1559475.8,104251.422
70,1560429.2,103021.54
71,1558839.1,103255.856
70,1576232.4,103260.234
72,1458768.9,24009.639
68,1470341,22010.577
68,1471718.8,19926.538
69,1462102.8,18245.396
78,1443478.1,30249.583
70,1457180.8,21705.282
75,1463363,25460.137
73,1463894.6,21964.294
68,1479496.9,18836.262
81,1270677.2,20156.523
77,1257044,19533.722
76,1265743.5,18191.517
71,1280016.1,15601.055
81,1274029.9,20351.333
73,1274798,17023.894
71,1282941.2,14333.308
72,1285136.8,16221.938
71,1280428.2,16790.209
78,1265046.6,19670.522
86,1422380.4,28919.308
85,1438435.5,26712.189
85,1425953.8,28427.582
85,1436551.6,27885.986
61,1438428.2,15320.378
59,1421323.8,16027.881
63,1431770,17779.894
60,1457151,15047.164
73,1437452.2,27737.428
72,1450139.6,28589.615
70,1447069.5,25804.221
79,1360662.5,42982.02
70,1589419.9,75768.16
69,1591972.4,73708.79
67,1377718.8,19140.629
59,1612875.5,22058.767
69,1555840.9,27009.532
66,1553555.2,24363.608
79,1501090.2,23298.162
77,1486078,21261.916
67,1332039.8,33509.976
74,1687504.2,24615.524
71,1677793,24821.311
72,1688444,26137.998
76,1357810.2,20235.55
65,1286244,24742.186
70,1266237,8021.719
83,1360253.5,23997.509
63,1281983.5,15521.351
57,1400956.2,19563.448
89,1213959.8,35157.687
92,1210333.5,39222.396
87,1225789.8,32108.004
71,1316347.4,12689.06
71,1328056.1,11499.536
71,1339837.2,11630.74
90,1466877,31075.016
89,1442890,31002.268
93,1452916,34776.369
89,1459333.2,28769.534
91,1471958.2,35163.158
90,1477259.5,29639.687
74,1637937,42358.029
75,1669291.1,42232.881
76,1652992.5,44408.65
75,1654823.2,41712.857
83,1350826.2,23836.819
82,1347851.8,22095.162
82,1344185.5,23691.036
72,1409653.2,25905.109
75,1401274.5,27483.701
73,1416834.2,24686.398
72,1430084,21812.069
76,1408595.4,28690.194
73,1388681.5,25308.127
70,1314163.5,16108.057
70,1298793.6,14413.801
71,1275200,16216.937
73,1310975,16291.478
69,1289936.2,12756.954
74,1299762,14925.945
76,1785654.5,72434.103
73,1776994.8,68417.947
55,1540523.6,20817.989
81,1599332.6,94607.35
80,1582163.8,83438.467
78,1574811.1,81204.396
63,1278009,21020.623
82,1346991.8,11819.881
67,1192964.2,10214.82
66,1345322.4,28815.023
73,1648070.5,24302.434
67,1487626.8,35699.02
63,1673999.5,25005.781
62,1678136.2,25222.293
75,1543027.2,17445.006
73,1641688.1,28667.777
83,1794145.2,84041.98
85,1756798.8,91134.348
82,1762398.9,80452.298
79,1711495,57413.71
79,1712002.8,57482.936
80,1711010.8,60050.643
81,1409603.6,29365.127
78,1411649,26408.289
83,1403712,30924.028
78,1416769,27542.872
81,1409503.8,31274.3
78,1411873.8,29572.133
85,1411336.6,35021.873
87,1399683.8,39166.581
77,1413876,27622.497
79,1390701,27199.518
74,1568791.9,39352.826
71,1583422.5,34348.896
72,1592711.5,33468.943
73,1586090.6,36799.442
72,1573920.1,36385.344
82,1348372.2,20875.912
78,1344478.5,19005.415
80,1351368.5,20620.008
86,1337102.6,27838.836
88,1339348.4,26825.867
79,1352995.8,19793.795
78,1342851.2,21605.759
84,1329930.8,25148.865
79,1346329,21168.685
77,1394186.2,28660.9
71,1410684.2,19207.503
81,1391250.5,34955.21
72,1421482.8,19188.707
75,1404026.9,22980.275
80,1398836.2,30625.931
79,1408508.2,31319.008
78,1408032.9,29405.736
73,1416008.5,19613.075
72,1414900.4,20507.535
72,1415876.9,20948.925
71,1405099.8,19974.391
74,1384614.2,28380.907
65,1429331,16008.958
67,1436045,13943.495
65,1440084.9,13460.877
71,1429152.5,16761.249
73,1420156.9,19396.912
69,1427911.9,14720.569
66,1447721.6,15187.632
66,1434632.8,13795.665
81,1700778.2,42553
84,1702404.8,45585.252
80,1701840.2,40990.594
80,1694318.5,42737.62
85,1691145.8,46587.713
79,1709393.8,42536.512
83,1693749.8,45035.668
80,1702691.1,41217.32
86,1692761.2,48112.283
90,1497477.5,30210.885
67,1460365.5,13230.097
66,1477789.8,12452.499
65,1662462.5,14735.397
85,1677558.4,36373.334
83,1694615,33962.355
84,1696717.2,36217.009
62,1502373,12709.068
65,1506697.4,11164.744
76,1651173.8,42541.763
68,1393122.5,27011.896
66,1403683.1,25099.709
69,1637263.4,34461.592
69,1692096.2,27740.92
67,1534888.4,40729.378
68,1534172.9,39789.526
66,1547894.6,38938.696
73,1629419.5,41202.147
86,1316551.6,30702.226
84,1314954.4,26789.355
85,1328609.5,30997.372
87,1310011.9,31040.042
84,1727620,124855.51
89,1726297.4,124418.391
82,1725986.5,124970.77
91,1695636.8,129077.15
85,1713965.1,122777.228
83,1724107.1,124860.41
87,1722543,126410.013
82,1732529,117554.85
84,1741932,145438.82
83,1726833.9,122815.963
86,1372209.4,29923.329
87,1360203,31507.734
87,1361829.9,32512.93
86,1362270.1,30702.982
90,1323046.5,33400.36
88,1367853.8,35680.56
91,1339636.2,31879.494
93,1327624.5,34097.623
75,1410795.5,23153.161
79,1373465.4,28067.108
78,1378289.5,26600.997
76,1413578.9,27659.902
74,1430620.2,22395.139
81,1383298.5,28317.309
74,1419755.6,23068.054
83,1361717.8,28698.216
75,1424517.8,22740.991
74,1493941.2,19710.874
72,1497893.2,18213.829
72,1505545,16093.28
76,1463879,19491.586
72,1503973.8,17349.015
77,1449083.5,21886.727
73,1500473.9,17638.252
77,1585738.8,30930.418
76,1527419.8,26501.503
76,1528318,27342.693
75,1531963,25595.543
75,1524792.1,25428.06
71,1333784.1,23465.827
71,1327654.4,23561.429
70,1337174,22813.161
70,1335094.4,21746.479
80,1605533,40723.879
83,1586568.5,45339.6
85,1561731.2,48864.795
81,1592143.4,42710.074
66,1385833.1,18240.987
65,1377400.5,16323.588
77,1242964.2,23808.413
70,1646533,40628.258
57,1606608.4,12148.198
72,1649791.2,36708.713
66,1280092.2,15334.005
63,1262570.1,16993.299
61,1277061.5,13782.219
68,1360308.8,35096.904
70,1485618.2,39402.728
70,1596397.9,68357.729
69,1675737.2,75574.125
86,1615013.8,87923.394
81,1716082.2,30772.431
79,1715865.9,28739.469
81,1705166.4,31743.921
71,1328373.5,15886.916
72,1327701.6,16878.044
74,1332174.9,20075.593
70,1331680.2,16692.478
70,1335706.2,17014.967
71,1318769.2,16706.82
79,1508419.4,20268.836
79,1514463.2,22135.221
79,1520433.5,22943.977
81,1518717,23718.622
80,1503495.5,22108.003
70,1491514.8,20166.463
71,1480031.8,23174.45
70,1473618.9,21198.664
70,1494224.6,19267.776
74,1486883.8,29505.841
78,1316278.1,66516.783
76,1313719.6,62898.535
76,1313739,60985.904
76,1307911.8,62547.744
77,1302239.4,64941.215
80,1302522.8,68396.582
71,1505852,38646.621
75,1487003.2,40615.131
71,1494778.5,40020.206
72,1484896.1,38255.484
72,1483543.5,43139.537
73,1482751.1,38640.211
78,1542839.8,30076.324
76,1564433.1,32059.115
74,1555070.2,26375.638
75,1543885.6,27985.278
67,1367452.6,29603.565
69,1375882.2,31741.1
62,1171519.9,7795.917
91,1366286.6,39777.957
84,1361710,28682.792
85,1361266,30864.921
88,1364456.5,32751.66
86,1366540.9,33531.11
90,1373452.2,40101.268
78,1447028.9,37717.112
76,1440196.5,31509.426
77,1433727.8,34910.831
85,1395713,39751.203
83,1386394.2,34602.698
84,1401483.5,34107.058
86,1384445.6,44891.1
78,1420114.2,40081.927
79,1418214.1,42600.709
77,1424563.1,37562.896
81,1404806.9,22614.193
84,1408572.2,27372.738
86,1395892.2,31597.868
87,1382195.9,31569.625
89,1408959.8,37698.594
89,1396819.4,42123.897
71,1625119,25224.011
68,1648558.8,19393.386
67,1635421.2,20480.73
67,1641571.2,18713.39
69,1640335.6,20555.665
67,1638512.1,19009.907
83,1644910,59424.63
73,1641562.5,39919.475
77,1631433.4,49880.812
75,1642212.5,43289.818
79,1638782.8,50560.89
74,1645178.9,41291.99
81,1646657.5,55273.628
73,1643498.5,41487.428
74,1631741.9,39632.27
64,1416832.5,15824.865
66,1405353,15457.819
64,1400519,12702.874
72,1416773.2,18116.885
64,1403990.1,15760.729
70,1408895.8,17091.432
68,1400883.5,15437.959
74,1397316.2,17664.5
65,1402080.2,17400.661
56,1569163.8,23078.954
67,1682199.2,31532.925
71,1650933.5,32458.721
64,1593925,31806.238
68,1564719.8,35214.678
65,1507514.6,18913.6
64,1511047.9,16499.339
68,1475043,21037.708
64,1343441.4,17807.749
68,1330677.9,23440.938
71,1562201.8,47464.175
67,1595884.8,36969.964
68,1290867.2,18439.783
87,1342794.2,50170.35
89,1343527.9,55466.957
88,1345400.8,54716.677
75,1501191,14559.353
73,1486984.2,12746.122
69,1495785.5,12526.783
79,1489432.5,13712.536
68,1490380.9,13409.544
77,1498187.6,13204.428
69,1494761.5,11228.364
70,1491962.1,12583.676
71,1494500.9,12585.633
88,1427493.2,40868.23
85,1448898.8,33416.646
86,1426863.2,38532.688
85,1440165,33765.085
84,1442022.5,36545.297
85,1439514.4,35135.184
70,1559355.6,16363.57
72,1565869.8,19014.458
68,1557487.6,15239.09
71,1453315,24543.644
73,1443004.8,29660.843
70,1401460.1,15679.604
72,1386593.9,17048.295
74,1384100,18534.358
69,1670653.5,28388.543
68,1679027.5,25160.057
67,1682262.5,22662.335
71,1379381.5,23022.404
68,1376083.6,18427.772
93,1579769.5,114392.786
85,1582849.4,100121.343
86,1598137.9,103170.3
88,1589682.2,105683.042
91,1585091.8,109907.133
83,1512418.2,33085.063
80,1515969.8,28869.354
81,1508472.5,29894.438
79,1513980.2,25481.558
76,1276389.4,38066.282
77,1272782.4,33960.888
72,1286271.5,29324.175
70,1587784.8,44048.655
66,1591146,34831.14
68,1586630.5,40966.93
81,1361721.8,28987.907
81,1363742.2,16668.389
77,1371507.5,14050.682
79,1846023.1,63680.585
76,1857773.8,59766.96
69,1613038.2,27361.641
67,1629437.8,25247.062
70,1611817.8,32524.61
67,1623381.8,32194.295
74,1645700.2,35710.578
81,1446711.9,24548.797
83,1431059.2,26861.837
82,1443104.8,27475.564
86,1478287.5,27752.537
84,1494606.9,44803.619
85,1488531.5,43364.009
84,1501073.5,42935.306
86,1514340.2,44186.372
85,1498635.6,40989.115
74,1627012.1,43826.524
80,1620535.5,54010.814
74,1630913.5,45426.913
75,1628709.4,45095.268
76,1604908.5,44382.807
81,1606969.5,59837.559
74,1611658.5,43517.488
70,1467150.1,56742.402
69,1448002.5,51799.282
63,1452292,34733.547
62,1443544.9,38153.503
64,1440232.2,41676.113
65,1482988,38386.788
73,1423490.5,71986.983
67,1477678,45006.588
63,1432773.1,36839.127
72,1376748.1,45279.533
71,1385173.8,35660.757
69,1370210.2,30327.072
69,1343169.5,32406.662
68,1370740.8,28309.91
69,1364514.2,29053.147
71,1453077.5,25200.919
68,1495870.8,21664.462
66,1464842.2,17226.191
73,1472813.8,26179.272
70,1503694,21396.464
67,1462596.1,18871.671
66,1478418.8,17245.486
68,1509998.1,18362.034
66,1462481.6,17142.479
80,1572976,33206.826
79,1556653.2,32570.143
81,1547958.2,33039.277
83,1586802.5,39157.059
80,1569708.8,32204.768
58,1310605,6205.597
57,1303520.9,6303.665
63,1315186.2,13040.184
81,1520046.5,17972.926
80,1510912.8,18645.054
82,1507007.6,18232.734
88,1496257,23141.857
68,1502127.2,52438.312
67,1501230.8,50543.911
69,1507502.1,56854.339
67,1512819.6,50335.593
70,1492498.1,59664.17
74,1493884.9,70044.226
75,1492804.2,69694.836
67,1500606.2,52825.049
70,1248064.5,16123.663
72,1237214.8,16506.482
71,1240559.4,14263.254
71,1240874.8,16469.09
71,1259744.2,13991.907
82,1599234.8,68051.924
83,1605615.5,67941.381
81,1618348.2,64381.462
81,1602759.9,66041.772
81,1597923.5,63101.492
86,1625514.8,79309.025
86,1603007.1,75853.891
86,1606054.2,80219.028
78,1460514.5,44638
77,1458913.5,43927.638
76,1469541.2,44071.871
76,1461169.8,44868.153
77,1460001.5,40807.356
80,1465469.1,55338.982
79,1459959.6,49924.217
84,1514155.1,37182.152
81,1504174.6,34712.213
76,1534656.5,30767.467
82,1511935,34844.506
78,1520267.8,30504.746
77,1538005.4,31402.14
78,1560174.4,27277.692
79,1557750.2,28425.676
77,1561928.2,26733.73
83,1541987,27523.028
74,1293997.9,14114.944
73,1290224,14096.556
77,1305573.5,16108.071
78,1311113.5,18385.777
72,1290676,13785.23
72,1294075,14768.921
79,1300373,19431.756
72,1302012.5,14309.873
75,1451348.1,71105.875
67,1278283.8,20952.935
66,1289287.8,15385.818
87,1344346,24369.938
85,1349091.5,22025.215
85,1353838.8,17961.339
86,1354772.2,24302.265
89,1341644.8,28371.918
78,1538170.5,41663.952
77,1557911.9,39150.789
77,1540394.2,38249.598
79,1559140.2,40931.574
81,1542701.2,45084.844
78,1547418.4,39391.88
83,1544457.1,48979.818
67,1673557.2,46384.602
68,1678207.8,47814.413
67,1678723.4,44685.879
67,1676848.4,46214.103
82,1706074.5,32558.831
81,1724074.6,33617.518
90,1508637.5,65901.904
89,1520138.5,58508.459
88,1526549.8,28358.152
86,1542538.1,25925.775
88,1533624.9,26832.19
82,1639877.1,79840.6
67,1416189,14041.414
71,1337898.1,28131.285
69,1419771.9,18495.028
69,1434500.2,15787.79
75,1652560,46754.328
78,1649472.8,68929.86
85,1666612,102189.753
80,1634983.5,79008.425
82,1638003.5,84493.17
79,1640237.6,71716.98
84,1665800.8,100763.02
89,1466633,43164.147
85,1475740,34587.987
86,1465961.5,33689.183
87,1467777,38858.881
88,1347810.1,61839.295
86,1355695,52810.575
87,1344667.2,56074.255
91,1518982.2,51140.798
88,1528844,49067.691
90,1524250.2,47740.157
89,1519877.2,49397.244
84,1413647.5,23186.703
87,1405767.4,25838.091
91,1399096.8,34120.367
86,1402851,24293.776
89,1432884,33022.413
88,1390516.1,30790.983
82,1324053.5,27960.918
79,1322126.1,24430.309
80,1339612.8,21751.517
78,1338193.5,22647.183
83,1345609.2,30012.769
77,1370791.8,22812.288
84,1578788.6,26568.898
93,1548893.6,39959.25
89,1592974.2,33744.034
91,1550057,39032.339
85,1573398.5,31463.078
86,1579961.6,32337.155
84,1568500.8,29542.903
90,1590661,41105.054
85,1565870.4,31305.811
91,1708701.2,51658.779
86,1716176.5,46799.592
85,1722864.5,47448.324
89,1734703.4,53574.547
86,1709795,51457.84
85,1724185.4,48223.755
87,1724261.2,49385.383
93,1707040.1,52957.224
85,1691224.8,61280.906
89,1660223.2,72129.848
91,1639664.2,76539.328
87,1666869.4,65448.654
84,1646072.2,56394.446
83,1663032.9,55690.743
84,1654557.6,59095.068
83,1661252.1,59189.817
80,1353686.2,32973.259
81,1358054.8,32324.739
83,1356101.6,36866.137
82,1371966.8,34619.567
85,1363571.8,41401.513
81,1361757.2,32980.68
77,1474820.5,34541.781
78,1479614.8,32201.946
78,1486084.5,36998.223
77,1492805,32727.044
66,1574399.5,22087.18
68,1531629.2,25178.366
70,1535861.6,26068.055
69,1333037.8,10980.144
72,1324437.4,12014.467
71,1324569.5,11699.525
74,1763232.1,43310.852
76,1751000.5,46528.787
71,1781469.9,42722.195
72,1770977,45851.196
69,1476729.6,24630.467
70,1460378.8,26182.184
72,1456376.1,29550.446
68,1484832.2,22800.288
69,1632632.5,80103.162
70,1639511.5,75900.32
73,1366048.8,23715.406
66,1377386.6,13446.326
80,1594173.6,68211.79
86,1588652.1,83730.51
85,1604573.8,84230.05
87,1587395,85559.789
88,1580056.1,90925.953
81,1580167.2,68757.844
84,1572118,80253.717
82,1583994.5,77562.654
83,1741236.5,89936.199
88,1730590.8,107777.988
85,1728798.9,97622.043
82,1734944,87701.58
87,1743163.1,95786.644
77,1818295.5,58434.107
76,1818610,57813.207
76,1802342.5,53258.753
80,1850986.9,63649.308
76,1817289.8,55535.335
77,1818304,57458.967
72,1527008,26108.643
71,1517655.8,25404.683
80,1533515.6,37084.719
71,1521288.9,26559.795
76,1542388.5,34187.696
72,1532909.8,27122.719
78,1539916.2,36116.623
70,1518959,25947.62
75,1550871.1,30434.031
76,1603207.5,28435.34
61,1491604.4,10546.684
70,1259570,13625.155
74,1595976.5,49975.727
76,1596571.5,46931.015
72,1597916.8,41734.188
76,1706502,20966.462
73,1707602.1,19097.883
77,1715398.8,24847.237
77,1450104.1,21164.672
79,1458655.9,19395.529
78,1453227.4,20573.894
81,1450520.2,23167.694
74,1428120.5,27571.065
73,1429027.5,29762.385
81,1446294.4,24898.376
83,1451844.8,25546.338
74,1458776.1,25549.853
76,1466121.8,25525.465
68,1316943.6,50170.051
68,1547334,26424.096
76,1220639.5,23350.93
70,1574711.1,21771.838
75,1438687.9,38539.777
70,1498638.8,34387.057
70,1532283.2,26889.068
71,1535344.4,28831.875
57,1301884.2,12299.397
56,1320882.5,23182.903
62,1277057.8,6245.004
68,1320930.5,22908.002
63,1511752.1,10617.906
80,1248408.6,11655.675
80,1263418.4,23920.956
83,1268475.5,36155.603
90,1806239.8,37525.573
82,1788650.2,29690.327
82,1806542.5,29022.642
82,1817368.1,31424.557
81,1813080.5,29371.195
87,1809336.2,33353.331
83,1823465.1,31757.091
85,1461970.5,36473.58
85,1468146,35459.763
90,1459391.5,48554.018
86,1462028.2,41332.781
84,1457134.2,37124.18
88,1471872.2,41312.734
84,1452378.9,36367.227
73,1234515.1,22256.822
74,1234107.4,22068.698
73,1246959.9,20495.989
75,1227515.4,25136.051
73,1226218,21660.692
70,1287312.2,13066.748
69,1283707.5,15377.993
73,1277631,15643.28
72,1503808.1,14215.317
70,1516545.8,12725.961
78,1454639,28946.909
81,1466713.6,30941.499
79,1462199.2,30486.803
68,1462110.8,17034.007
92,1483442,41340.891
90,1468992.2,38862.586
94,1486231,45405.038
91,1464250.5,43363.048
95,1483455.5,42595.558
90,1413533.8,42506.34
88,1388404.2,37279.094
89,1397368.2,42062.275
91,1422042.9,41261.82
93,1414676.8,46964.415
86,1444478.6,51826.789
90,1474859,65744.71
87,1443887,62190.013
88,1464492.8,60896.55
68,1313065.6,9989.095
66,1309910.9,8692.859
64,1310576.5,8121.268
74,1310464.9,16154.122
64,1297933.6,8544.948
70,1314121.4,12229.513
64,1305645,8924.428
68,1297770.6,13987.328
72,1308279.8,12019.434
65,1304835.4,8604.22
85,1768756.6,106349.675
87,1747559,110143.896
90,1780298.2,128297.879
85,1763548.5,112819.87
86,1740801,102901.203
85,1769034.2,107185.687
89,1803683.2,124917.941
80,1606291,72808.057
74,1599175.2,54657.318
74,1596829.5,56674.912
76,1611451.6,60530.623
75,1597871.4,56788.735
78,1606971.4,67903.491
74,1602977.8,53177.658
74,1295970.8,20225.091
69,1285164.6,16431.627
69,1298050.5,15858.333
71,1306164.5,15934.359
73,1308851.5,17969.984
70,1290104.8,16646.184
70,1283075.2,16803.149
67,1418527.2,17789.126
72,1404110.2,21087.416
70,1416906.5,18972.527
66,1460161,21710.371
76,1708553.9,75673.773
81,1702669.1,88490.753
71,1334788.2,6910.598
67,1318155.2,19808.151
65,1303924,17894.838
76,1482952.9,58691.205
74,1481538.9,57708.861
67,1582126.6,22489.324
65,1572620.1,23816.84
62,1493829.1,19091.532
55,1311415.8,10704.356
65,1530885.2,47384.008
57,1208037,18475.564
81,1317079.8,32741.492
57,1253203,14573.92
53,1305231,21841.116
58,1571372.8,51338.701
59,1542662,24446.708
58,1220531.1,6422.449
51,1311193.6,8766.014
54,1384833.9,19801.588
81,1723109.6,57391.588
81,1724110.6,54964.522
83,1719782.9,58328.105
85,1718744.1,61792.096
82,1728418.5,57324.444
81,1720717.5,53214.736
82,1724655.6,43639.439
76,1722286.5,37144.221
76,1721812.4,35841.334
78,1722786.9,42362.15
80,1707838,41305.434
76,1719000.5,38855.594
77,1731127,38191.697
80,1201550,24368.772
79,1212858.5,24623.422
78,1220058.1,21308
79,1213107.8,22942.08
78,1213324.4,23107.451
79,1221785.8,21568.703
89,1566205.8,61078.677
85,1570468.2,39303.82
85,1567158.9,39908.69
85,1585041,40038.857
86,1583024,41957.689
87,1576534.5,45535.876
85,1624398.9,58594.959
71,1469198.5,20605.501
81,1467238.8,38358.59
71,1459698.1,20053.426
74,1448845.8,24046.608
70,1470566.6,18760.747
76,1462385.4,24410.596
71,1465907.5,18888.923
78,1469492.9,33541.976
72,1471827.2,20285.515
72,1666430.2,48530.852
72,1659293,50811.594
76,1661245.1,53096.918
71,1671827.8,46392.4
77,1679308.5,57771.617
73,1662618.1,50121.969
79,1673670,64625.646
72,1665772.9,47624.004
69,1353544.6,23821.314
61,1468374.8,19924.453
63,1459769.5,19283.01
76,1657086.8,54717.306
78,1647975.8,63078.134
85,1348655.1,50069.008
83,1349173.8,48081.604
66,1531162.8,11211.659
68,1520793.8,12709.206
79,1436757.5,57700.549
77,1430276,53419.551
74,1594813.8,65012.262
76,1573872.4,73179.654
76,1237089,29198.574
71,1249277.2,21676.811
73,1254714.6,24156.403
78,1597259.5,32712.657
77,1599230.5,28654.165
76,1600422.5,27307.434
71,1382021.8,22181.823
68,1301033.9,19314.4
66,1296192.1,19568.543
65,1296195.5,20107.919
89,1236733.5,24873.356
90,1240309.4,24613.91
88,1248292.8,22581.838
61,1367190,25743.603
62,1378957.9,30736.756
83,1332072.8,20505.6
82,1320637.5,21192.278
84,1328413.6,24257.642
91,1621284,103926.554
91,1608736.6,104637.46
79,1145959.9,19283.378
81,1127309.5,19303.44
68,1781890.2,28430.699
69,1575898,42679.803
70,1612271.5,43011.306
73,1615388,46726.574
76,1603186.4,59400.334
78,1616110.8,66269.346
70,1616507,45532.857
69,1627138.8,42212.299
71,1608087.5,45053.293
86,1286721.4,37401.883
82,1295048.2,30000.965
76,1307785.8,29222.541
79,1294646.1,30592.595
77,1307648.6,30180.109
83,1293279.8,19233.939
82,1286763.8,20402.651
78,1291794.9,15422.095
84,1293692,20583.025
76,1312727.8,15475.995
79,1265908.2,16261.235
79,1248153.8,15601.349
77,1266542.9,16561.854
83,1249306,18674.058
80,1237299,19016.132
85,1259812,19842.3
87,1214902.8,31311.051
85,1276585,31032.886
86,1236997.2,31750.902
72,1550001.2,23646.947
65,1661265.9,42771.184
69,1651458.5,49421.074
69,1360684.5,19193.502
78,1730784.8,51442.493
81,1731531.4,54881.636
77,1388530.9,70630.364
81,1388001.6,86172.232
66,1437299.8,17899.862
65,1527249.2,30140.491
78,1601669,77005.7
76,1117398.2,7715.716
72,1553520.1,33809.093
58,1652289.4,9660.487
59,1325838.4,13616.411
56,1383480.2,9597.224
63,1495834.8,30735.77
59,1225428.8,22207.113
83,1435675.1,68111.978
85,1433440.8,66744.49
82,1449083.5,59076.728
86,1434125.9,72053.688
83,1315910.8,17391.928
84,1341183.6,16307.482
86,1545417,40946.231
83,1546167.8,34684.673
84,1548906.2,40292.093
74,1379658.4,14408.862
74,1410113,13460.716
75,1398153.2,13727.802
74,1377904.2,13611.657
72,1588237.1,21016.924
71,1570889.9,18976.361
75,1584412.4,23409.411
67,1567867.8,16782.903
68,1586614,17686.361
67,1583484.9,16256.446
72,1222046,12247.409
70,1228231.9,8524.257
66,1195378.1,7581.295
67,1237020.6,6624.975
67,1221024.2,6840.113
75,1433536.5,93653.184
65,1455732.6,75998.51
66,1438404.1,79212.512
71,1439241.8,86538.153
66,1443713.4,71481.167
65,1452933.8,76001.857
75,1433210.5,89754.798
68,1435815,77382.446
76,1346191.9,16477.528
81,1338363.4,23591.276
77,1355592.4,16805.478
79,1347321.5,20881.864
77,1353714.2,15481.424
76,1354654.2,14568.388
56,1424005.6,9137.097
56,1433878.1,9401.972
69,1498432.9,23612.195
67,1298866.5,40090.65
63,1392332.2,15280.884
57,1355979.1,27437.24
80,1295121.2,13156.984
60,1496418.8,15352.022
62,1443608.8,27757.652
79,1575044.4,35093.967
80,1577282.8,35991.862
78,1580380.6,34013.66
72,1246905.6,30040.966
71,1226395.8,27018.081
72,1257306,29387.491
73,1238833,34834.783
75,1323693,23793.483
75,1331155.5,24799.719
76,1328800.9,26903.805
75,1335695.2,25224.204
77,1305607.6,26328.332
71,1484348.9,23101.7
74,1480887,23796.035
73,1483332,25230.483
72,1489717.8,22234.017
86,1284725,52807.816
85,1282724.2,48835.881
83,1281100.5,46589.67
79,1344134,20544.228
78,1347326.2,20820.678
78,1347101,17969.56
78,1344663.8,19653.264
76,1254954.4,19600.398
76,1249802.8,18306.504
77,1250436.6,19712.295
78,1260102,19376.074
76,1258697.9,17759.254
74,1800957.5,31241.359
74,1817803.4,30278.253
75,1803819.8,30589.845
78,1803523.6,36165.624
76,1807673.2,33812.822
74,1811278.4,30150.414
82,1821374.1,44561.526
67,1572371.9,51655.125
64,1563106.4,42446.253
71,1567108.4,58924.1
64,1572485.8,38985.432
65,1561141.4,47897.135
64,1565807.2,47442.474
63,1586182.1,39156.892
69,1365234,61500.889
72,1379337.8,70057.647
68,1369061.9,59546.877
67,1370966.1,58290.058
70,1362165.8,64691.949
68,1371776.9,59916.326
66,1612572.2,36665.644
67,1602563.2,39344.58
65,1619171.6,36658.644
66,1608794.9,38096.368
65,1605597.8,36737.372
74,1364946.5,31277.664
74,1363457.2,32254.609
76,1361510,36013.526
75,1347675.2,33892.709
75,1354341.5,34112.873
62,1679109.5,15374.202
61,1685943.5,17461.568
69,1696556.8,19138.879
64,1687638.5,15622.665
63,1679781,15953.185
66,1463198,20704.381
65,1470965.4,20147.778
64,1469499.2,19033.577
64,1470325.1,21164.949
59,1380642.8,21966.58
66,1596964.8,23692.113
57,1456938.1,18894.042
67,1340089.6,7023.043
61,1585324.6,22294.057
76,1311333.2,12521.018
71,1504457.4,25814.203
74,1501449,29129.874
72,1505562.8,25597.201
73,1505953.1,26776.562
72,1500905.6,28537.511
78,1613647.8,60597.238
79,1609880.9,63471.418
79,1601949.2,63344.275
80,1609353.8,69603.551
79,1615113,65692.34
82,1542035.2,43920.29
86,1540370,52445.054
83,1543969.9,43463.07
76,1555515.2,37000.198
75,1559662.9,32375.55
77,1563283.8,38484.876
75,1550068.8,36529.404
76,1545849,38597.569
84,1610473.2,43109.676
87,1606053.6,45107.9
85,1610888.5,43394.496
85,1612780.8,42550.519
85,1623712,43346.297
79,1584605,36155.202
83,1575058,51778.873
80,1560348.2,41119.931
73,1576661.2,27843.128
73,1582490,26717.944
74,1584493.1,27947.291
73,1581719.5,28748.597
72,1405009.5,50958.84
70,1333629,26338.533
67,1328796.8,25128.095
69,1499727,29008.55
76,1427677.8,37268.113
72,1428678,34503.748
70,1619772,51432.917
69,1637052.5,47819.137
71,1480369.2,39362.429
75,1477297.5,43775.235
57,1321541,10277.91
60,1325044.5,12348.532
67,1230291.4,31922.572
71,1541081.9,37146.11
70,1552734,35514.045
71,1548316.8,36397.002
72,1542635.4,40576.951
75,1539937.5,52659.311
70,1551871.2,38338.828
68,1393546.1,25794.564
67,1418040.8,28545.057
72,1466769.2,35337.849
76,1487312.2,40555.768
73,1472183.8,32733.401
74,1495360.9,39613.161
72,1519613,32715.42
72,1494977.5,33551.565
71,1312417.4,24681.229
73,1332565,25308.062
71,1292591.5,25052.269
70,1331670.5,23644.676
71,1324254.1,22890.868
66,1686483.2,22268.79
68,1684427,25994.288
66,1677778.8,25374.665
66,1697277.2,23229.402
67,1691013.2,24564.393
71,1686678.5,27903.036
70,1673017.6,25197.372
72,1321208.5,15205.629
70,1359852.5,18145.497
58,1695779.2,64151.875
81,1256846.5,15423.772
78,1539462.8,55896.851
76,1466251.9,36269.714
68,1297117.8,14358.073
69,1653374.2,43124.043
72,1379295.5,17846.276
85,1289070.2,83084.031
84,1299034.6,73770.41
77,1389131.5,20373.244
76,1382413.2,19167.428
88,1801499.8,76078.18
82,1758811.8,63801.52
86,1774024.6,72772.47
89,1781291,77362.41
74,1499684.2,23357.577
81,1351583.2,46358.328
73,1376974.9,29154.54
73,1372197,28838.933
79,1343812,37940.777
73,1370486.9,28657.033
75,1381925.2,32007.481
78,1361895.1,38855.586
72,1361431.8,29701.872
75,1366705.4,32217.983
77,1593065.9,33473.526
78,1606090,33649.824
77,1598292.5,33728.614
80,1589285,36373.492
76,1596524.5,31839.422
77,1615976.1,37660.346
77,1637575.9,39543.412
73,1701854.8,44829.066
75,1714889.2,49027.913
77,1699975.2,50564.371
75,1710849.9,46884.944
73,1700138.5,47753.765
73,1702921.2,46546.476
80,1703519.8,53406.654
72,1557262,69061.64
74,1573757.2,71529.328
72,1543061.8,69386.644
72,1548398.8,70723.165
73,1545308.9,69746.994
78,1567703.4,91021.398
67,1610763.1,16971.607
83,1327723.9,42232.25
73,1540725.4,32664.799
85,1227489.2,47476.502
83,1236584.9,50128.445
82,1232443.4,47644.515
84,1246759.9,47883.236
75,1434755,34383.859
74,1427948.6,32799.224
77,1427818.1,35018.615
73,1437979,30216.434
83,1411772.5,42560.511
73,1423842.1,31773.289
79,1433039,35153.078
73,1434957.9,32481.359
81,1430818,35031.387
83,1276729.9,72461.8
82,1287377.2,67199.497
84,1299787.2,72471.636
86,1307456,73922.426
82,1296301.8,71126.83
88,1312650.6,85397.43
82,1294841.4,69870.23
74,1476774.8,22214.976
73,1466258.8,23995.333
75,1465609.2,25435.413
72,1465856.1,25050.301
73,1450523.6,22628.009
70,1563544.9,72714.393
66,1579717.2,69435.847
68,1578272.8,75828.631
84,1343296.5,30688.99
82,1364414.9,26562.28
80,1366214.1,24987.993
80,1499433,38432.602
79,1497894.8,37380.02
82,1495923.4,35330.788
78,1506389,33979.835
59,1408118.6,12233.807
79,1525572.8,26090.711
77,1547736.2,23891.57
75,1558179.8,21213.29
71,1479303,13481.701
72,1464824.8,15580.727
69,1490164.4,14080.812
71,1478156.2,13760.18
73,1461263.2,16911.98
79,1357664.8,18509.005
75,1378362.6,16121.796
76,1370742,15054.655
77,1370072.1,16982.039
75,1607529.5,28633.924
80,1594221.8,25761.72
77,1607801.2,26462.592
86,1666896.8,51340.743
87,1664368.2,50533.01
83,1661833.5,46994.914
81,1663743.8,43205.757
85,1677334,47643.16
79,1671086.8,38823.167
86,1594772.2,63364.412
83,1610864.8,55139.434
87,1583628.2,68227.339
83,1576250.2,62435.08
74,1451859.4,27423.506
72,1445978,23404.545
66,1464277.2,20861.482
67,1459543.6,19861.086
76,1458013.8,33171.749
67,1467387.2,19193.092
68,1464092.8,21553.434
66,1452853.5,21677.089
70,1543707.8,18468.466
66,1350010.8,36068.055
71,1467650.1,14164.701
69,1480502.8,11194.964
73,1472904.2,14700.72
67,1335113.2,13313.032
66,1338844.2,13806.241
70,1340409.2,11385.94
71,1685799.8,51449.675
75,1697538.1,63229.207
74,1572638.2,17203.502
77,1582417.8,19775.86
81,1660792.1,46279.195
80,1656801.4,46418.107
67,1742222.4,48096.803
85,1536347.4,34179.503
88,1578474,34132.68
86,1568010.4,27472.328
85,1609143.1,26792.445
71,1670162.1,51443.137
63,1354587.6,12594.394
71,1298764.5,19603.302
82,1383945.6,103307.616
79,1382038,75344.782
81,1387199.1,89884.894
80,1386720.8,79949.094
80,1627107,70869.604
83,1583140,82640.42
81,1635521.2,71184.423
79,1626509.5,66754.079
89,1330532.6,67194.051
80,1371279.1,56015.04
79,1374827.1,49416.656
87,1326573.5,61799.682
79,1364019.9,51289.287
82,1302464,58131.643
72,1391373.9,46533.24
76,1417824.5,51150.892
75,1409335.9,56748.729
74,1379879,53641.503
77,1403559.6,57089.344
79,1407332.2,64776.857
79,1530645.2,60153.615
76,1524549.6,55935.735
81,1530230.8,64637.615
66,1229325.2,7940.224
68,1221898.2,9697.052
67,1219309.9,10182.804
70,1210932,10904.63
69,1423913.5,21657.265
68,1421241.2,20781.585
65,1416300.1,17779.206
71,1394382.8,27475.409
73,1364952.8,28478.517
69,1387665.2,22122.073
70,1531705.4,45341.097
72,1543518,48862.233
74,1529612.5,53744.633
71,1597819.9,26881.209
69,1586700.4,24202.043
69,1377813.8,22905.147
67,1352091.8,22519.559
69,1522666.2,23455.271
67,1531640.6,21005.847
64,1513176.2,22562.948
81,1445170,33690.841
88,1457811,39033.127
83,1450920.2,33770.023
82,1450652.8,33437.981
85,1449444.1,36396.988
91,1443629.2,44782.029
78,1448447.9,15887.352
81,1442605.9,19379.818
77,1447905.2,14669.223
79,1452423,16461.01
80,1351764,34127.787
78,1359595.5,28705.941
77,1359378,26083.666
76,1350237.5,24542.296
71,1266217.5,31339.425
71,1257266.8,32605.18
72,1259027.1,32681.92
74,1258929.2,32708.077
71,1256563.4,32578.14
89,1565998,40543.199
82,1555301.2,33756.549
83,1567114.8,31289.133
93,1559178.8,53118.436
86,1567829.8,36556.488
91,1566342,46658.125
83,1562088.2,34496.113
82,1561503.5,31893.243
84,1564263.8,35000.975
84,1487822,47179.81
82,1479256.5,43484.768
83,1469428.2,46365.517
82,1490700.2,42711.809
86,1472171.6,53567.874
82,1486870.2,45924.906
76,1524348.6,50047.633
70,1552249.2,37433.922
66,1552217.4,31969.053
67,1538747.9,33894.387
66,1551174.6,32032.649
74,1528508.6,46472.61
68,1539886.4,36469.465
67,1540269.8,36865.55
72,1539496.8,40416.931
76,1365503.6,37693.665
70,1386161.2,27188.755
70,1373104.5,27944.652
70,1368494.8,28783.947
74,1364075.5,35597.986
71,1367031.8,31782.298
72,1378774.2,31879.96
89,1588967.5,41030.174
91,1581961.8,45169.787
84,1604464.8,36504.267
84,1597003.6,38272.253
88,1588543.8,44225.072
86,1598627,39330.258
84,1584082.2,38370.305
93,1588366.2,49379.812
90,1583335.6,46114.518
85,1602137.5,38146.91
67,1405165.5,34105.949
62,1355399.8,16917.158
69,1373688.2,11563.941
71,1360009.5,13677.584
74,1365556.1,15985.15
72,1355592.9,14829.7
66,1385245.2,20722.342
68,1380761.2,23200.552
74,1520469.5,53864.393
72,1374496.9,13151.909
70,1377979.5,12208.276
71,1394644.8,23045.009
65,1602397.2,27449.264
77,1493531.1,40011.582
75,1496664.2,43246.291
84,1455414.6,28138.967
86,1481618.2,38288.104
82,1481922.2,29196.296
86,1722688.2,102168.391
85,1713318,88511.5
88,1429309.2,17722.062
68,1363046.1,10729.058
77,1308039.1,39237.182
79,1310701.6,40897.232
75,1333111.2,33437.315
85,1736303.2,46351.147
82,1716205.8,42255.9
91,1412862,44719.415
93,1422874.5,48617.834
85,1434104.5,37926.457
90,1421518,41038.361
87,1437796.2,38140.648
84,1436586.2,35742.461
66,1383776.2,94569.234
69,1401406.2,104663.72
68,1422340.5,94866.086
71,1399262.5,108233.825
77,1424486.5,47092.369
83,1429596.8,77174.12
78,1431614.8,48887.174
82,1436512.8,69768.764
79,1427936.9,56576.303
88,1282867.9,30585.594
87,1265528.4,28522.894
86,1257267.6,32148.947
85,1279874.4,26876.322
74,1506618.5,13683.741
74,1526230.6,16111.486
73,1539680.4,13343.999
75,1527901.8,14157.158
73,1528702.2,15530.221
81,1507789.9,18024.381
77,1523470.8,15553.318
83,1495117.2,18090.001
79,1501459.8,18787.047
79,1383095.2,39850.887
79,1383614.2,40321.472
84,1377434.9,48096.18
83,1383042.4,41884.718
86,1373732.4,53505.685
81,1375370.2,40176.769
78,1382187.1,40532.478
84,1368074.8,43125.168
79,1403520,38408.21
70,1650253.5,51917.463
66,1630397,49631.863
65,1650586.2,50306.275
69,1641553.2,51368.871
72,1640192.5,54557.953
65,1649240.8,47050.998
66,1631102.2,46772.717
75,1638289.2,64005.249
67,1647746.5,49875.199
83,1493409,52558.339
77,1511979.1,36885.574
77,1510693.5,35748.315
77,1488363.6,39999.618
76,1514589.1,35932.342
80,1496747,46378.752
78,1502074.9,38199.541
75,1556701,26724.299
73,1554714.5,27747.359
74,1555471.4,25650.399
75,1550163.2,28322.74
69,1506523.9,22571.939
72,1500589,22191.711
67,1523214.8,20086.522
72,1731428.5,29935.843
74,1726807.8,33570.684
70,1728063.6,28174.938
80,1474756.9,66898.755
76,1481599.1,54119.023
78,1481190.2,57453.204
73,1574732.2,22640.869
70,1580042,20171.293
75,1595075.9,25119.026
70,1330849,11029.864
68,1335355.5,11282.412
72,1321454.2,13839.895
65,1318331.8,20281.151
75,1472306.8,49103.977
73,1478323,42532.281
71,1477755.1,37105.088
70,1479138,36909.776
72,1305063.8,9548.238
70,1339936.5,8390.405
68,1482447,18169.12
72,1470656.8,21394.12
70,1481451.2,19882.295
70,1441323.1,33645.475
72,1447089.9,40766.448
71,1429522.5,36077.902
83,1371283.2,17084.034
85,1343206.9,16354.516
83,1363823.5,17241.568
80,1384092.8,14123.552
82,1377006,15108.652
87,1642645.6,72850.805
86,1642320.4,61560.586
88,1631764.9,76299.912
81,1553350.5,43310.888
78,1551622.5,34973.425
77,1540690.9,34693.712
79,1556049.6,35963.111
83,1547305.5,46198.33
77,1682325.5,65395.89
77,1683551,65087.274
78,1681926.9,64787.796
78,1718558.8,31812.162
80,1713042.2,34295.343
79,1718530.8,33202.056
82,1705263.1,38082.506
84,1551366.8,87016.906
77,1327974.5,18527.603
76,1591157.4,42009.045
76,1583265.5,41536.575
77,1590312.8,44572.492
77,1616990.8,44372.94
80,1601811.6,55256.203
78,1602867.8,48706.51
60,1707949.6,43852.598
62,1712694.5,43857.081
61,1712451.4,44022.731
60,1694710.2,43560.884
61,1709014.2,45310.474
57,1439698.8,18258.063
64,1471870.4,20796.209
60,1452601,19264.538
58,1440566.4,19522.405
56,1446420,17671.219
65,1464209.8,21525.13
63,1476382.5,19447.01
57,1436100.8,19191.007
57,1437468.2,19689.307
82,1361053.1,62323.746
82,1344713.9,67731.41
82,1366505.8,63536.395
70,1562873.6,41688.522
74,1546353.6,42078.11
71,1558152.1,39152.859
70,1558483.6,36484.631
72,1551108.5,42084.735
70,1553812.8,39556.305
80,1540710.9,44349.006
81,1551026.2,45436.722
79,1538468.2,34068.082
78,1554863.6,32103.318
74,1397715.6,13335.49
69,1406488.8,11403.676
68,1408509.8,10513.622
76,1403438,12925.41
69,1399677,12769.27
78,1378002.5,16555.79
68,1498706.5,26132.282
